340,1066 Ac,1066 Ac
1914,1066 Junior AC,1066 Junior AC
1592,1st Long Buckby Scouts,1st Long Buckby Scouts
1927,2020 Archery,2020 Archery
2471,2020 Junior AC,2020 Junior AC
1737,215 Squadron ATC,215 Squadron ATC
2120,3 Counties A,3 Counties A
1462,3 Counties Inclusive A,3 Counties Inclusive A
1872,3 Counties Junior A,3 Counties Junior A
2365,A C Delco (Disabled),A C Delco (Disabled)
430,A C Delco B,A C Delco B
389,A C Delco Juniors,A C Delco Juniors
231,A.S.A.D.,A.S.A.D.
2141,Aardwolf A,Aardwolf A
2187,Aardwolf A Juniors,Aardwolf A Juniors
2429,ABBA Juniors,ABBA Juniors
1103,Abbey A (Scotland),Abbey A (Scotland)
490,Abbey B (Essex),Abbey B (Essex)
366,Abbey B (Herts),Abbey B (Herts)
359,Abbey B (Kent),Abbey B (Kent)
2353,Abbey B (Kent) Juniors,Abbey B (Kent) Juniors
1165,Abbey Junior A (Scotland),Abbey Junior A (Scotland)
1171,Abbey Junior B (Herts),Abbey Junior B (Herts)
832,Abbeydale A,Abbeydale A
2150,Abbeydale Junior A,Abbeydale Junior A
1759,Aber A (Uni),Aber A (Uni)
1568,Aberdeen Uni AC,Aberdeen Uni AC
1712,Adwalton Moor A,Adwalton Moor A
2273,Aequus A,Aequus A
2275,Aequus Disabled A,Aequus Disabled A
2274,Aequus Junior A,Aequus Junior A
2300,Aim Archery Kidz,Aim Archery Kidz
2112,Aim4Sport,Aim4Sport
2441,Aim4Sport Juniors,Aim4Sport Juniors
814,Aire Valley A,Aire Valley A
801,Aire Valley A Disabled,Aire Valley A Disabled
1394,Aire Valley A Junior Club,Aire Valley A Junior Club
2314,Albion A,Albion A
1970,All Abilities Archery,All Abilities Archery
1972,All Abilities Archery Disabled,All Abilities Archery Disabled
1971,All Abilities Archery Junior,All Abilities Archery Junior
2455,All Saints A (School),All Saints A (School)
358,Allington Castle A,Allington Castle A
1471,Allington Castle A Junior,Allington Castle A Junior
941,Alsager C of A,Alsager C of A
1143,Alsager Junior A,Alsager Junior A
428,Alton & Four Marks,Alton & Four Marks
1721,Alton & Four Marks Junior,Alton & Four Marks Junior
2329,Amethyst B,Amethyst B
1040,Anchor B AC,Anchor B AC
1026,Anchor B Junior AC,Anchor B Junior AC
427,Andover A,Andover A
1855,Andover Disabled A,Andover Disabled A
391,Andover Junior AC,Andover Junior AC
301,Aquarius AC,Aquarius AC
300,Aquarius Junior AC,Aquarius Junior AC
1827,A of An Garrek,A of An Garrek
2102,A of Bitton (Dis),A of Bitton (Dis)
830,A of Bridlington and Burton A,A of Bridlington and Burton Agnes
1967,A of East Riding,A of East Riding
2190,A of East Riding Juniors,A of East Riding Juniors
423,A of Jersey,A of Jersey
2349,A of Jersey (Disabled),A of Jersey (Disabled)
2224,A of Jersey Juniors,A of Jersey Juniors
989,A of Raunds,A of Raunds
1794,A of Raunds Juniors,A of Raunds Juniors
789,A of Teme,A of Teme
776,A of Teme Junior,A of Teme Junior
1438,A of the West,A of the West
1451,A of the West Juniors,A of the West Juniors
1,Archery GB,Archery GB
1803,Argyll Field A,Argyll Field A
1219,Arrowflight,Arrowflight
1293,Arundown AC,Arundown AC
488,Ascham B,Ascham B
357,Ashford A,Ashford A
1404,Ashford A Juniors,Ashford A Juniors
1979,Ashington AC,Ashington AC
853,Assheton B,Assheton B
2152,Assheton B Juniors,Assheton B Juniors
2153,Assheton Disabled  B,Assheton Disabled  B
264,Atkins A,Atkins A
2188,Austrey Archery Group,Austrey Archery Group
2396,Avalon A Juniors,Avalon A Juniors
2370,Avalon Archery,Avalon Archery
901,Aycliffe A,Aycliffe A
173,Ayr AC,Ayr AC
172,Ayr Junior AC,Ayr Junior AC
2430,B A C G Ac,B A C G Ac
1261,Balbardie A,Balbardie A
2088,Balbardie Disabled A,Balbardie Disabled A
1982,Balbardie Junior A,Balbardie Junior A
539,Ballands B,Ballands B
1297,Ballyvally A,Ballyvally A
1295,Ballyvally Junior A,Ballyvally Junior A
1371,Bampton AC,Bampton AC
1663,Bampton Junior AC,Bampton Junior AC
46,Banbridge AC,Banbridge AC
1943,Banbridge Junior AC,Banbridge Junior AC
2081,Banbury Cross A,Banbury Cross A
2145,Banbury Cross Junior A,Banbury Cross Junior A
129,Banchory A,Banchory A
45,Bangor & District AC,Bangor & District AC
205,Bannockburn B,Bannockburn B
831,Barnsley AC,Barnsley AC
792,Barnsley Junior AC,Barnsley Junior AC
1866,Barnsley YMCA A,Barnsley YMCA A
1894,Barnsley YMCA Junior A,Barnsley YMCA Junior A
1439,Barnstaple AC,Barnstaple AC
2147,Barnstaple Junior AC,Barnstaple Junior AC
2294,Barrow AC,Barrow AC
957,Bassetlaw B,Bassetlaw B
547,Bath A,Bath A
1342,Bath Uni AC,Bath Uni AC
1060,Baughurst B,Baughurst B
1304,Baughurst Junior B,Baughurst Junior B
207,Bayeux B,Bayeux B
1452,Bayeux B Junior Club,Bayeux B Junior Club
944,Beacon A (Cumbria),Beacon A (Cumbria)
743,Beacon A (West Midlands),Beacon A (West Midlands)
1767,Beacon A Junior Club (Cumbria),Beacon A Junior Club (Cumbria)
2269,Beacon A Juniors (West Mids),Beacon A Juniors (West Midlands)
940,Bebington A,Bebington A
939,Bebington Junior A,Bebington Junior A
1061,Beckenham B,Beckenham B
967,Beeston Rylands A,Beeston Rylands A
2123,Belvoir A,Belvoir A
2268,Belvoir A Juniors,Belvoir A Juniors
377,Berkhamsted B,Berkhamsted B
1696,Berwick A,Berwick A
2451,Berwick Junior A,Berwick Junior A
1597,Beverley Junior Target Club,Beverley Junior Target Club
1596,Beverley Target Club,Beverley Target Club
2241,Bicester A,Bicester A
2242,Bicester A Juniors,Bicester A Juniors
973,Bingham Leisure Centre,Bingham Leisure Centre
1835,Bingham Leisure Centre Jun,Bingham Leisure Centre Juniors
2164,Bircotes Junior A,Bircotes Junior A
2100,Bitton A,Bitton A
2101,Bitton Junior A,Bitton Junior A
1494,Blaby Tox (Disabled),Blaby Tox (Disabled)
564,Black & Gold A Junior,Black & Gold A Junior
1372,Black & Gold Junior AC,Black & Gold Junior AC
1062,Black Lion AC,Black Lion AC
2299,Black Ops A,Black Ops A
354,Black Prince B,Black Prince B
1435,Black Stag A,Black Stag A
2409,Blackburn Archery,Blackburn Archery
886,Blackpool B,Blackpool B
1624,Blackthorn B,Blackthorn B
1654,Blandy Jenkins A,Blandy Jenkins A
1792,Blandy Jenkins Hoods,Blandy Jenkins Hoods
2277,Blandy-Jenkins Disabled Club,Blandy-Jenkins Disabled Club
217,Blind Veterans UK B,Blind Veterans UK B
1562,Blue Arrow Junior AC,Blue Arrow Junior AC
1561,Blue Arrows AC,Blue Arrows AC
1913,Blue Light A,Blue Light A
885,Blundellsands A,Blundellsands A
213,Bognor Regis AC,Bognor Regis AC
1854,Bognor Regis Junior AC,Bognor Regis Junior AC
1647,Border B,Border B
2211,Border Reiver A,Border Reiver A
2331,Borgreen Traditional B,Borgreen Traditional B
2438,Boston Spa A,Boston Spa A
1233,Botolph's B,Botolph's B
1296,Boulby B,Boulby B
2413,Bourne 55,Bourne 55
620,Bournemouth AC,Bournemouth AC
619,Bournemouth Junior AC,Bournemouth Junior AC
2469,Bowbearers of Lunesdale,Bowbearers of Lunesdale
846,Bowbearers of Wyresdale,Bowbearers of Wyresdale
780,Bowbrook A,Bowbrook A
779,Bowbrook Junior A,Bowbrook Junior A
740,Bowflights AC,Bowflights AC
844,B of Adel,B of Adel
1360,B of Adel Juniors,B of Adel Juniors
486,B of Ardleigh,B of Ardleigh
909,B of Backworth,B of Backworth
1022,B of Birstall,B of Birstall
1760,B of Birstall Juniors,B of Birstall Juniors
938,B of Bruntwood,B of Bruntwood
937,B of Bruntwood Junior,B of Bruntwood Junior
526,B of Burleigh,B of Burleigh
2235,B of Caradoc,B of Caradoc
1039,B of Chesterfield,B of Chesterfield
1686,B of Chesterfield Junior,B of Chesterfield Junior
1484,B of Danesfield,B of Danesfield
1736,B of Danesfield (Disabled),B of Danesfield (Disabled)
1491,B of Danesfield Junior AC,B of Danesfield Junior AC
348,B of Darenteford,B of Darenteford
2261,B of Furness,B of Furness
1019,B of Glen,B of Glen
75,B of Gower,B of Gower
425,B of Guernsey,B of Guernsey
299,B of Harrow,B of Harrow
1366,B of Harrow Juniors,B of Harrow Juniors
542,B of Hatch,B of Hatch
1949,B of Holme,B of Holme
545,B of Ina,B of Ina
837,B of Leeds,B of Leeds
1717,B of Leeds Juniors,B of Leeds Juniors
936,B of Lyme,B of Lyme
604,B of Lytchett Junior AC,B of Lytchett Junior AC
485,B of Malgrave,B of Malgrave
540,B of Mendip,B of Mendip
575,B of Minchinhampton,B of Minchinhampton
884,B of Overdale,B of Overdale
872,B of Pendle & Samlesbury,B of Pendle & Samlesbury
1833,B of Pendle & Samlesbury Jun,B of Pendle & Samlesbury Juniors
394,B of Petersfield,B of Petersfield
1690,B of Rothbury Forest,B of Rothbury Forest
1017,B of Rutland,B of Rutland
2358,B of Rutland Disabled,B of Rutland Disabled
1003,B of Rutland Junior AC,B of Rutland Junior AC
1502,B of Skelmersdale,B of Skelmersdale
1503,B of Skelmersdale Junior,B of Skelmersdale Junior
1800,B of St Mary's,B of St Mary's
1863,B of St Mary's Junior,B of St Mary's Junior
582,B of the Deans,B of the Deans
2354,B of the Deans Juniors,B of the Deans Juniors
1038,B of the Peak,B of the Peak
668,B of the Tors,B of the Tors
637,B of Wadebridge,B of Wadebridge
638,B of Wadebridge Junior,B of Wadebridge Junior
908,B of Walker,B of Walker
2463,B of Walker Juniors,B of Walker Juniors
515,B of Warfield,B of Warfield
1876,B of Warfield Junior,B of Warfield Junior
1573,B of Warrington,B of Warrington
1660,B of Warrington Disabled,B of Warrington Disabled
1661,B of Warrington Juniors,B of Warrington Juniors
325,B of Woodstock,B of Woodstock
611,Bracken CoA,Bracken CoA
610,Bracken Junior CoA,Bracken Junior CoA
1197,Bradford Uni AC,Bradford Uni AC
483,Braintree B,Braintree B
2165,Braintree Junior B,Braintree Junior B
966,Bramcote AC,Bramcote AC
1770,Bramcote Junior AC,Bramcote Junior AC
298,Brent Valley A,Brent Valley A
1990,Bride Valley Junior A,Bride Valley Junior A
1337,Bridgefield A,Bridgefield A
1586,Bridgefield Junior A,Bridgefield Junior A
2113,Brighton B,Brighton B
573,Bristol B,Bristol B
1613,Bristol B Juniors,Bristol B Juniors
2313,British Wheelchair AC,British Wheelchair AC
667,Brixham A Limited,Brixham A Limited
1978,Brixham A Limited Juniors,Brixham A Limited Juniors
987,Broad Green A,Broad Green A
2330,Broadhempston AC,Broadhempston AC
2394,Broadhempston Junior AC,Broadhempston Junior AC
1559,Broch AC,Broch AC
1560,Broch Junior AC,Broch Junior AC
313,Bromley AC,Bromley AC
1534,Bromley AC Juniors,Bromley AC Juniors
672,Bromyard B,Bromyard B
671,Bromyard B Junior,Bromyard B Junior
829,Bronte A,Bronte A
1203,Bronte Junior A Club,Bronte Junior A Club
1882,Broomhill Bank School,Broomhill Bank School
2253,Broxhill A,Broxhill A
1822,Broxhill A Juniors,Broxhill A Juniors
297,Brunel Uni A,Brunel Uni A
2489,Buchan A,Buchan A
2131,Bulwell Foresters AC,Bulwell Foresters AC
2163,Bulwell Foresters Fawns,Bulwell Foresters Fawns
1584,Burleigh Junior A,Burleigh Junior A
544,Burnham CoA,Burnham CoA
1343,Burnham Junior AC,Burnham Junior AC
448,Burntwood A,Burntwood A
1383,Burntwood Junior A,Burntwood Junior A
1751,Burscough A,Burscough A
1985,Burscough A Juniors,Burscough A Juniors
1037,Burton Bridge A,Burton Bridge A
1456,Burton Bridge Junior A,Burton Bridge Junior A
839,Burton Constable B,Burton Constable B
2083,Burton Constable C of B (D),Burton Constable Company of B (Disabled)
1402,Burton Constable Junior B,Burton Constable Junior B
1363,Burton Joyce A,Burton Joyce A
1798,Burton Joyce Juniors,Burton Joyce Juniors
2341,Burton Manor B,Burton Manor B
525,Buscot Park A,Buscot Park A
1988,Buscot Park Junior A,Buscot Park Junior A
262,C M O B,C M O B
233,C M O Junior B,C M O Junior B
1695,C.E.D.A.K.,C.E.D.A.K.
1958,Caerau Dragon Cohorts,Caerau Dragon Cohorts
1918,Caerau Dragon Juniors,Caerau Dragon Juniors
1986,Caerleon Comprehensive A,Caerleon Comprehensive A
934,Caldy B,Caldy B
933,Caldy B Juniors,Caldy B Juniors
2132,Calne A,Calne A
73,Cambria B,Cambria B
2338,Cambria Colts,Cambria Colts
1599,Cambridge Uni Alumni,Cambridge Uni Alumni
443,Cambridge Uni B,Cambridge Uni B
1557,Canford Magna B,Canford Magna B
1702,Canford Magna Junior AC,Canford Magna Junior AC
351,Canterbury A,Canterbury A
2326,Canterbury Disabled A,Canterbury Disabled A
319,Canterbury Junior AC,Canterbury Junior AC
2449,Caradog A,Caradog A
2490,Cardiff Uni AC,Cardiff Uni AC
2481,Carman Stables A C,Carman Stables A C
1409,Carmarthen & District A,Carmarthen & District A
53,Carmarthen A,Carmarthen A
64,Castle B,Castle B
2151,Castle B Juniors,Castle B Juniors
1459,Castle Dene B,Castle Dene B
350,Castle Moat & Folkestone,Castle Moat & Folkestone
553,Cavalier Field A,Cavalier Field A
1422,Celtic A,Celtic A
2301,Celtic Harmony Archery,Celtic Harmony Archery
2303,Celtic Harmony Juniors,Celtic Harmony Juniors
1782,Celtic Warlocks,Celtic Warlocks
1725,Celyn A,Celyn A
494,Centaur A,Centaur A
828,Chantry B Rotherham,Chantry B Rotherham
1072,Chantry Junior B,Chantry Junior B
1187,Chase A,Chase A
1975,Chase B,Chase B
1241,Chase Junior A,Chase Junior A
459,Chelmsford Tudor Rose,Chelmsford Tudor Rose
1700,Chelmsford Tudor Rose Junior,Chelmsford Tudor Rose Junior
568,Cheltenham A,Cheltenham A
567,Cheltenham Junior A,Cheltenham Junior A
932,Cheshire County B,Cheshire County B
263,Chessington B,Chessington B
1906,Chester Students Union AC,Chester Students Union AC
229,Chichester B,Chichester B
228,Chichester Junior B,Chichester Junior B
1595,Chiltern A,Chiltern A
1746,Chiltern A Juniors,Chiltern A Juniors
603,Chippenham A,Chippenham A
600,Chippenham Junior AC,Chippenham Junior AC
862,Chorley B,Chorley B
558,Churn Valley A,Churn Valley A
972,City & Sherwood,City & Sherwood
1053,City & Sherwood Notts Panthers,City & Sherwood Nottingham Panthers
35,City Of Belfast AC,City Of Belfast AC
31,City Of Belfast Junior AC,City Of Belfast Junior AC
441,City of Cambridge B,City of Cambridge B
931,City of Chester A,City of Chester A
2340,City of Chester A (Disabled),City of Chester A (Disabled)
1068,City of Chester Junior AC,City of Chester Junior AC
1579,City of Newport A,City of Newport A
1585,City of Newport Junior A,City of Newport Junior A
474,Clacton A,Clacton A
2162,Clacton Junior A,Clacton Junior A
907,Cleadon A,Cleadon A
2432,Cleadon Junior A,Cleadon Junior A
1908,Clements B,Clements B
570,Cleve A,Cleve A
569,Cleve Juniors,Cleve Juniors
2450,Cleve Para-Shooters,Cleve Para-Shooters
2200,Clickers AC,Clickers AC
532,Clophill AC,Clophill AC
1156,Clophill Junior AC,Clophill Junior AC
1108,Club A.Z. A,Club A.Z. A
2480,Clwydian B Disability Club,Clwydian B Disability Club
142,Clyde Arrows,Clyde Arrows
1164,Clyde Junior Arrows,Clyde Junior Arrows
538,Coastal A,Coastal A
1896,Cobra A,Cobra A
1710,Cockermouth CoA,Cockermouth CoA
1966,Cockermouth Junior CoA,Cockermouth Junior CoA
410,Cody B,Cody B
2199,Cody B Juniors,Cody B Juniors
482,Colchester & District AC,Colchester & District AC
87,Colwyn B,Colwyn B
2423,Colwyn Junior B,Colwyn Junior B
2209,Corby A,Corby A
2210,Corby A Juniors,Corby A Juniors
597,Corsham B,Corsham B
97,Corus Deeside AC,Corus Deeside AC
1152,Corus Deeside Junior AC,Corus Deeside Junior AC
227,County Oak AC,County Oak AC
737,Coventry AC,Coventry AC
736,Coventry Junior AC,Coventry Junior AC
296,Cranford AC,Cranford AC
226,Crawley AC,Crawley AC
1787,Crawley Crows,Crawley Crows
182,Crieff AC,Crieff AC
95,Croesoswallt A,Croesoswallt A
1291,Croesoswallt Junior A,Croesoswallt Junior A
276,Cromer A,Cromer A
349,Crown A,Crown A
1157,Crown Junior AC,Crown Junior AC
524,Crowthorne A,Crowthorne A
1309,Crowthorne A Junior,Crowthorne A Junior
312,Crystal Palace B,Crystal Palace B
2255,Crystal Palace Junior B,Crystal Palace Junior B
2286,Cuckfield A,Cuckfield A
1574,Cupar B,Cupar B
1575,Cupar B Juniors,Cupar B Juniors
1294,Cymric A,Cymric A
1838,Cymric Juniors,Cymric Juniors
1321,Danum A,Danum A
1346,Danum Junior A,Danum Junior A
2356,Dark Side A,Dark Side A
286,DB Perivale & Friends,DB Perivale & Friends
2319,De Lacy AC,De Lacy AC
882,Deane B,Deane B
841,Dearne Valley AC,Dearne Valley AC
1155,Dearne Valley Juniors,Dearne Valley Juniors
462,Deben AC,Deben AC
2180,Deben Junior AC,Deben Junior AC
2318,Deer Park A Inclusion Club Ltd,Deer Park A Inclusion Club Ltd
1246,Deer Park A Ltd,Deer Park A Ltd
1247,Deer Park Junior A Ltd,Deer Park Junior A Ltd
1036,Derbyshire AC,Derbyshire AC
1031,Derbyshire Junior AC,Derbyshire Junior AC
1035,Derwent B,Derwent B
1030,Derwent B Juniors,Derwent B Juniors
615,Devizes B,Devizes B
614,Devizes Junior B,Devizes Junior B
2293,Disability Clyde Arrows,Disability Clyde Arrows
189,Disability Sport Fife,Disability Sport Fife
225,Ditchling AC,Ditchling AC
1689,Ditchling Juniors,Ditchling Juniors
2467,DMU Archery (Uni),DMU Archery (Uni)
2095,Dove Valley AC,Dove Valley AC
2090,Dove Valley Junior AC,Dove Valley Junior AC
346,Dover Castle A,Dover Castle A
1522,Dragon A,Dragon A
2077,Dreigiau Bodedern,Dreigiau Bodedern
699,Droitwich AS,Droitwich Archery Society
698,Droitwich Junior AS,Droitwich Junior Archery Society
2298,Dulwich College B (School),Dulwich College B (School)
201,Dundee Uni AC,Dundee Uni AC
635,Dunheved A,Dunheved A
1079,Dunheved Junior AC,Dunheved Junior AC
531,Dunstable B,Dunstable B
1662,Dunstable B Junior AC,Dunstable B Junior AC
1179,Durham City A,Durham City A
896,Durham Uni AC,Durham Uni AC
988,Duston B,Duston B
1527,Duston B Tornadoes,Duston B Tornadoes
1808,Dyffryn Nantlle A,Dyffryn Nantlle A
1784,Dyffryn Nantlle Junior A,Dyffryn Nantlle Junior A
343,E.M.R.S. AC,E.M.R.S. AC
1349,Eagle B,Eagle B
2201,East Belfast AC,East Belfast AC
2205,East Belfast Junior AC,East Belfast Junior AC
1805,East Durham A,East Durham A
1925,East Park A,East Park A
1956,East Park Disabled A,East Park Disabled A
1955,East Park Junior A,East Park Junior A
224,Eastbourne A L.S.C.,Eastbourne A L.S.C.
1476,Eastbourne Junior A's L.S.C.,Eastbourne Junior A's L.S.C.
2320,Eastcote AC,Eastcote AC
2167,Eastcote House AC (Disabled),Eastcote House AC (Disabled)
825,Ebor A,Ebor A
881,Eccles AC,Eccles AC
880,Eccles Junior AC,Eccles Junior AC
1878,Edge Grove School (Closed),Edge Grove School (Closed)
2284,Edinburgh City B,Edinburgh City B
1311,Edinburgh Uni Alumni AC,Edinburgh Uni Alumni AC
203,Edinburgh Uni AC Students,Edinburgh Uni AC Students
2352,Edinburgh Uni Archery Pro,Edinburgh Uni Archery Pro
261,Eldon P.H.A.B.,Eldon P.H.A.B.
2412,Elm Field AC,Elm Field AC
375,Elswood B,Elswood B
2251,Elswood Junior B,Elswood Junior B
1666,Ely A,Ely A
314,Enfield A,Enfield A
480,Epping A,Epping A
1454,Epping A (Juniors),Epping A (Juniors)
1198,Estuary B,Estuary B
1443,Estuary Junior B,Estuary Junior B
278,Euston Park B,Euston Park B
697,Evesham AC,Evesham AC
696,Evesham Junior AC,Evesham Junior AC
1668,Evolution A,Evolution A
1669,Evolution Junior A,Evolution Junior A
662,Exeter CoA,Exeter CoA
1571,Exeter Junior CoA,Exeter Junior CoA
661,Exmoor A,Exmoor A
660,Exmouth A,Exmouth A
1678,Exmouth A Juniors,Exmouth A Juniors
2236,F.A.D.S.A.D.,F.A.D.S.A.D.
279,Fakenham B,Fakenham B
1552,Fakenham Junior B,Fakenham Junior B
1604,Falcon A (Kent),Falcon A (Kent)
1461,Falcon B,Falcon B
2265,Falcon Junior A (Kent),Falcon Junior A (Kent)
1923,Falkirk Co. of A Juniors,Falkirk Co. of A Juniors
198,Falkirk CoA,Falkirk CoA
260,Farnham A,Farnham A
1930,Farnham Junior A,Farnham Junior A
554,Fast & Loose AC,Fast & Loose AC
1811,Fellowship of the Bow,Fellowship of the Bow
1777,Fenland AC,Fenland AC
1448,Ferryfield B,Ferryfield B
1449,Ferryfield Junior B,Ferryfield Junior B
2408,Firecrest A,Firecrest A
421,Forest of Bere B,Forest of Bere B
2403,Forest Spirit A,Forest Spirit A
124,Forres A,Forres A
2158,Forres Disabled A,Forres Disabled A
123,Forres Junior A,Forres Junior A
1904,Fort Junior A,Fort Junior A
1544,Fort Purbrook B Junior,Fort Purbrook B Junior
420,Fort Purbrook Company of B,Fort Purbrook Company of B
342,Fox A,Fox A
452,Framlingham B,Framlingham B
223,Friars Gate A,Friars Gate A
283,Friends of Perivale,Friends of Perivale
997,Friskney B,Friskney B
1797,Friskney B Juniors,Friskney B Juniors
1807,Frome Town A,Frome Town A
1974,Frome Town Junior A,Frome Town Junior A
1336,Frome Valley A,Frome Valley A
2148,G & L Disabled A Darlington ,Gentlemen & Ladies Disabled A of Darlington
893,G & L A of Darlington,Gentlemen and Ladies A of Darlington
166,Giffnock A,Giffnock A
2397,Gillingham School AC,Gillingham School AC
1556,Gingerbread A,Gingerbread A
1631,Gingerbread A Juniors,Gingerbread A Juniors
1492,Gipping Valley A,Gipping Valley A
1280,Glanford Co of B,Glanford Co of B
154,Glasgow A,Glasgow A
905,Glaxo AC,Glaxo AC
2260,Glaxo Junior AC,Glaxo Junior AC
1256,Glencraig Camphill AC,Glencraig Camphill AC
1722,Glenlivet A,Glenlivet A
580,Glevum A,Glevum A
2189,Goldcrest A,Goldcrest A
2257,Goldcrest Juniors,Goldcrest Juniors
1773,Golden Phoenix A,Golden Phoenix A
1708,Gordano Valley A,Gordano Valley A
2433,Gordano Valley Disabled A,Gordano Valley Disabled A
1793,Gordano Valley Junior A,Gordano Valley Junior A
419,Gosport B,Gosport B
1365,Gosport B Junior AC,Gosport B Junior AC
126,Grampian B,Grampian B
186,Grange AC,Grange AC
1887,Grange Junior A,Grange Junior A
992,Grantham A,Grantham A
2278,Grantham A Juniors,Grantham A Juniors
341,Gravesend A,Gravesend A
1305,Gravesend Junior A,Gravesend Junior A
478,Grays A,Grays A
1766,Great Rissington A,Great Rissington A
1832,Great Rissington Juniors,Great Rissington Juniors
1676,Green Lane A.B. A,Green Lane A.B. A
1516,Green Lane Disabled A,Green Lane Disabled A
2118,Green Lane Junior A,Green Lane Junior A
1768,Green Man AC,Green Man AC
917,Greenbank CoA,Greenbank CoA
2502,Greengate Trust Sport AC,Greengate Trust Sport AC
222,Greenways AC,Greenways AC
1033,Greenwood A,Greenwood A
287,Greenwood Osterley AC,Greenwood Osterley AC
1538,Greenwood Osterley Juniors,Greenwood Osterley Juniors
996,Grimsby A,Grimsby A
1591,Grimsby A Juniors,Grimsby A Juniors
2327,Gronant B,Gronant B
2383,Gronant B Juniors,Gronant B Juniors
259,Guildford AC,Guildford AC
1352,Guildford Junior AC,Guildford Junior AC
80,Gwent B,Gwent B
1358,Gwent B Junior,Gwent B Junior
90,Gwynedd B,Gwynedd B
84,Gwynedd Junior B,Gwynedd Junior B
778,Hafren Foresters AC,Hafren Foresters AC
777,Hafren Foresters Juniors,Hafren Foresters Juniors
1511,Hampshire Scout AC,Hampshire Scout AC
1512,Hampshire Scout Junior AC,Hampshire Scout Junior AC
295,Hampstead B,Hampstead B
1680,Hampstead B Juniors,Hampstead B Juniors
2186,Hanging Wood A Disabled Club,Hanging Wood A Disabled Club
1630,Hanging Wood Senior A,Hanging Wood Senior A
590,Hardy Country B,Hardy Country B
1405,Hardy Country B Juniors,Hardy Country B Juniors
2010,Harefield A,Harefield A
527,Harlequin B,Harlequin B
1298,Harlequin Junior B,Harlequin Junior B
477,Harlow B,Harlow B
1263,Hart of Sherwood,Hart of Sherwood
1740,Hart of Sherwood Juniors,Hart of Sherwood Juniors
823,Harvester A,Harvester A
2137,Harworth A,Harworth A
221,Hastings & St Leonards B,Hastings & St Leonards B
384,Havant & Hayling B,Havant & Hayling B
1428,Havering Disabled Sports A,Havering Disabled Sports Association
530,Hawks AC,Hawks AC
220,Hellingly AC,Hellingly AC
1885,Hellingly Juniors,Hellingly Juniors
1973,Hemel Hempstead A,Hemel Hempstead A
2270,Hemel Hempstead Junior A,Hemel Hempstead Junior A
674,Hereford Company of B,Hereford Company of B
1282,Heriot-Watt Uni AC,Heriot-Watt Uni AC
2461,Hertford C of A Juniors,Hertford C of A Juniors
904,Heugh B,Heugh B
1290,High Elm A,High Elm A
1350,High Elm A Junior Club,High Elm A Junior Club
2317,Highland Archery Scotland,Highland Archery Scotland
339,Highsted Valley B,Highsted Valley B
1938,Hillingdon Junior AC,Hillingdon Junior AC
1937,Hillingdon Senior AC,Hillingdon Senior AC
1250,Hinchingbrooke AC,Hinchingbrooke AC
1015,Hinckley A,Hinckley A
1739,Hinckley A Juniors,Hinckley A Juniors
1991,Hingham B,Hingham B
1390,Hinxworth AC,Hinxworth AC
2243,Hinxworth Junior AC,Hinxworth Junior AC
215,Holbrook A,Holbrook A
1874,Holbrook Junior A,Holbrook Junior A
475,Holdens A,Holdens A
2285,Houghton A,Houghton A
369,Howard B AC,Howard B AC
1101,Howard B Junior,Howard B Junior
2458,Hull AC,Hull AC
2459,Hull Disabled AC,Hull Disabled AC
822,Hull Kingston A,Hull Kingston A
2228,Hull Uni AC,Hull Uni AC
417,I B M [Hursley] AC,I B M [Hursley] AC
1440,Imperial College Union AC,Imperial College Union AC
169,Inverclyde A,Inverclyde A
1564,Inverclyde Junior A,Inverclyde Junior A
2456,Irvine Toxophilites Juniors,Irvine Toxophilites Juniors
2377,Irvine Toxopholites,Irvine Toxopholites
109,Isla A,Isla A
108,Isla Junior A,Isla Junior A
1388,Island A,Island A
790,Isle of Man AC,Isle of Man AC
1935,Isle of Thorns A,Isle of Thorns A
1004,Ivanhoe A,Ivanhoe A
431,Jersey Archery Society,Jersey Archery Society
2106,Jersey Junior Archery Society,Jersey Junior Archery Society
877,John O'Gaunt's B,John O'Gaunt's B
438,Jolly A of H&W,Jolly A of H&W
2220,Junction A,Junction A
2222,Junction A Disabled,Junction A Disabled
2221,Junction A Juniors,Junction A Juniors
2468,Junior A of Millom,Junior A of Millom
1840,Junior A of Underwood,Junior A of Underwood
1018,Junior B of Glen,Junior B ofGlen
2462,Junior B of Guernsey,Junior B of Guernsey
1749,Junior B of Minchinhampton,Junior B of Minchinhampton
1776,Junior Ely Target Squad,Junior Ely Target Squad
1299,Junior Greenbank C of A,Junior Greenbank C of A
149,Junior Kilwinning AC,Junior Kilwinning AC
1731,Keele Uni AC,Keele Uni AC
951,Kendal B,Kendal B
1506,Kendal B Junior Club,Kendal B Junior Club
2155,Kent Police AC,Kent Police AC
659,Kenwith Company A,Kenwith Company A
1369,Kenwith Junior A,Kenwith Junior A
529,Kestrels AC,Kestrels AC
1450,Kestrels Junior AC,Kestrels Junior AC
365,Kestrels S.C. (P/H),Kestrels S.C. (P/H)
2136,Keswick A,Keswick A
2193,Keswick Disabled A,Keswick Disabled A
986,Kettering A,Kettering A
1934,Kettering Kubs,Kettering Kubs
2295,Keyworth A,Keyworth A
903,Killingworth A,Killingworth A
2262,Killingworth Junior A,Killingworth Junior A
277,King's Lynn B,King's Lynn B
1733,King's Lynn Junior B,King's Lynn Junior B
1621,Kingsbridge A,Kingsbridge A
1651,Kingsbridge Junior A,Kingsbridge Junior A
2402,Kingsbury CoA,Kingsbury CoA
616,Kingston A,Kingston A
583,Kingston A Juniors,Kingston A Juniors
2466,Kintyre Arrows,Kintyre Arrows
1014,Kirby Muxloe AC,Kirby Muxloe AC
1314,Kirby Muxloe Juniors AC,Kirby Muxloe Juniors AC
1545,Kirknewton A,Kirknewton A
1924,Kirkpatrick A,Kirkpatrick A
1558,Kirkpatrick Junior A,Kirkpatrick Junior A
2421,Kirton-in-Lindsey AC,Kirton-in-Lindsey AC
323,L.B. Greenwich A,L.B. Greenwich A
1025,L.N.E.R. A,L.N.E.R. A
645,Lace Town A,Lace Town A
1480,Lace Town Junior AC,Lace Town Junior AC
292,Laleham AC,Laleham AC
1368,Laleham Junior AC,Laleham Junior AC
338,Lamorbey Park A,Lamorbey Park A
2192,Lamorbey Park Junior A,Lamorbey Park Junior A
858,Lancaster Uni,Lancaster Uni
1474,Largs AC,Largs AC
2181,Largs Disabled,Largs Disabled
1565,Largs Junior,Largs Junior
202,Lasswade AC,Lasswade AC
1224,Lasswade Disabled AC,Lasswade Disabled AC
1048,Lasswade Junior AC,Lasswade Junior AC
1920,Lathallan School,Lathallan School
337,Leaves Green B,Leaves Green B
2166,Ledbury AC,Ledbury AC
808,Leeds Uni AC,Leeds Uni AC
751,Leek AC,Leek AC
2250,Leek Junior AC,Leek Junior AC
1013,Leicester AOFAC,Leicester Ancient Order of Foresters AC
1921,Leicester AOFAC Disabled,Leicester Ancient Order of Foresters AC Disabled
1524,Leicester AOF Junior AC,Leicester Ancient Order of Foresters Junior AC
1772,Leicester Archery Academy,Leicester Archery Academy
2442,Leicester Archery Academy (D),Leicester Archery Academy Disabled
2204,Leicester A A Juniors,Leicester Archery Academy Juniors
1009,Leicester D.I.S.C.,Leicester D.I.S.C.
2012,Les A de Sercq,Les A de Sercq
1322,Lethen A,Lethen A
2348,Lethen A Disabled Club,Lethen A Disabled Club
2347,Lethen A Junior Club,Lethen A Junior Club
763,Lichfield A,Lichfield A
762,Lichfield Junior AC,Lichfield Junior AC
995,Lincoln A,Lincoln A
1852,Lincoln Junior A,Lincoln Junior A
119,Links A,Links A
118,Links Junior A,Links Junior A
232,Lintman AC,Lintman AC
1147,Lintman Junior AC,Lintman Junior AC
156,Linwood A,Linwood A
43,Lisburn City AC,Lisburn City AC
1208,Lisburn City Junior AC,Lisburn City Junior AC
499,Little Abbey B,Little Abbey B
1255,Liverpool Uni AC,Liverpool Uni AC
627,Lizard Peninsula B,Lizard Peninsula B
1944,Llancaiach Senghenydd Archery,Llancaiach Senghenydd Archery
72,Llandaff City B,Llandaff City B
2183,Llandaff City Junior B,Llandaff City Junior B
79,Llantarnam AC,Llantarnam AC
1359,Llantarnam Junior AC,Llantarnam Junior AC
1846,Llantwit Major A,Llantwit Major A
122,Lochside B,Lochside B
114,Lochside Junior B,Lochside Junior B
1977,Loco B,Loco B
309,London A,London A
1741,Long Buckby AC,Long Buckby AC
786,Long Mynd A,Long Mynd A
785,Long Mynd A Juniors,Long Mynd A Juniors
150,Loreburn A,Loreburn A
1576,Loreburn Juniors,Loreburn Juniors
36,Lough Cuan B,Lough Cuan B
1010,Loughborough Students AC,Loughborough Students AC
1329,Louth & District Disabled AC,Louth & District Disabled AC
1381,Louth & District Junior AC,Louth & District Junior AC
1432,Louth & District Senior AC,Louth & District Senior AC
1528,Lugg Valley CoA,Lugg Valley CoA
1679,Lugg Valley Junior A,Lugg Valley Junior A
321,Lullingstone B,Lullingstone B
1580,Lutterworth AC,Lutterworth AC
1600,Lutterworth Junior AC,Lutterworth Junior AC
2008,M C C A,M C C A
2003,M C C Junior A,M C C Junior A
2387,M K Junior A,M K Junior A
2079,Maiden City AC,Maiden City AC
2283,Maiden City Junior AC,Maiden City Junior AC
510,Maidenhead A,Maidenhead A
257,Malden B,Malden B
694,Malvern A,Malvern A
681,Malvern Junior A,Malvern Junior A
1922,Mary Webb School A,Mary Webb School A
950,Maryport AC,Maryport AC
458,Mayflower A,Mayflower A
1209,Mayflower Junior A,Mayflower Junior A
2126,Mearns Academy Junior AC ,Mearns Academy Junior AC (School)
2376,Mearns A,Mearns A
336,Medway A,Medway A
1012,Melton Mowbray AC,Melton Mowbray AC
2424,Melton Mowbray Disabled AC,Melton Mowbray Disabled AC
1288,Melton Mowbray Junior AC,Melton Mowbray Junior AC
415,Merdon B,Merdon B
1946,Mere A,Mere A
2256,Mere A Disabled,Mere A Disabled
2076,Mere A Juniors,Mere A Juniors
731,Meriden AC,Meriden AC
730,Meriden Junior AC,Meriden Junior AC
1555,Meridian AC Juniors,Meridian AC Juniors
1493,Meridian Archery,Meridian Archery
549,Mid Somerset B,Mid Somerset B
2476,Middlesbrough College (Uni),Middlesbrough College (Uni)
2464,Millfield A,Millfield A
2411,Millom A,Millom A
1843,Milnes High Junior AC (School),Milnes High Junior AC (School)
2324,MMU Cheshire AC,MMU Cheshire AC
256,Mole Valley B,Mole Valley B
159,Monklands AC,Monklands AC
1553,Monklands Disabled AC,Monklands Disabled AC
1453,Monklands Junior A. C.,Monklands Junior A. C.
1830,Moorshall B,Moorshall B
1810,Moorside AC,Moorside AC
1900,Moorside AC Juniors,Moorside AC Juniors
1825,Moray Archery,Moray Archery
1699,Moray AC Juniors,Moray AC Juniors
2422,Morecambe Bay A,Morecambe Bay A
902,Morpeth A,Morpeth A
874,Mossley Hill AC,Mossley Hill AC
1104,Moulton & District A,Moulton & District A
656,Mounts Bay AC,Mounts Bay AC
2457,Mounts Bay Junior A,Mounts Bay Junior A
2266,Napier Alumni AC,Napier Alumni AC
1694,Napier Uni AC,Napier Uni AC
66,Neath A,Neath A
437,Nene B,Nene B
1713,Nene B Juniors,Nene B Juniors
138,Neptune AC,Neptune AC
928,Neston CoA,Neston CoA
1525,Neston C of A (Disabled),Neston CoA (Disabled)
1526,Neston C of A (Juniors),Neston CoA (Juniors)
1500,Netherhall A,Netherhall A
1744,Netherhall Junior A,Netherhall Junior A
1745,Netherhall Tigers,Netherhall Tigers
873,Nethermoss A,Nethermoss A
2084,Nethermoss Juniors,Nethermoss Juniors
919,New Century B,New Century B
1351,New Century B (Essex),New Century B (Essex)
1142,New Century B Juniors,New Century B Juniors
2404,Newark Castle A,Newark Castle A
1069,Newburn AC,Newburn AC
1567,Newburn Junior AC,Newburn Junior AC
2368,Newcastle Uni AC,Newcastle Uni AC
302,Newham Juniors AC,Newham Juniors AC
212,Newhaven AC,Newhaven AC
1089,Newhaven Junior AC,Newhaven Junior AC
2393,Newnham AC,Newnham AC
498,Newport Pagnell A,Newport Pagnell A
630,Newquay B,Newquay B
1344,Newquay Junior B,Newquay Junior B
1489,Nishkam Archery,Nishkam Archery
2386,No Limits Archery (Dis),No Limits Archery (Dis)
1210,Noak Hill A,Noak Hill A
1355,Norfolk B,Norfolk B
943,North Cheshire B,North Cheshire B
912,North Cheshire Junior B,North Cheshire Junior B
345,North Downs AC,North Downs AC
2325,North East A,North East A
2367,North East A Junior Club,North East A Junior Club
2082,North End A,North End A
2202,North End Junior A,North End Junior A
854,North Meols A,North Meols A
1735,North Meols Junior A,North Meols Junior A
984,Northampton AC,Northampton AC
2105,Northampton Junior A,Northampton Junior A
38,Northern Ireland Civil Service,Northern Ireland Civil Service
2140,Northumberland C of E Academy,Northumberland Church of England Academy AC
2013,Norton A,Norton A
2249,Norton A Juniors,Norton A Juniors
281,Norwich C of A,Norwich C of A
1891,Nottingham High School AC,Nottingham High School AC
2114,Nottingham Trent Uni AC,Nottingham Trent Uni AC
1267,Nottingham Uni AC,Nottingham Uni AC
1892,Nova B,Nova B
1020,Nuneaton A,Nuneaton A
2431,Nuneaton A (Disability),Nuneaton A (Disability)
2092,Nuneaton A (Juniors),Nuneaton A (Juniors)
1411,O O B A C A,O O B A C A
2363,O O B D A C A (Disabled),O O B D A C A (Disabled)
472,Oakfield A,Oakfield A
1434,Oakleaf B of Read,Oakleaf B of Read
1374,Oban & Lorn A,Oban & Lorn A
1379,Oban & Lorn Junior A,Oban & Lorn Junior A
2223,Ogmore Valley A,Ogmore Valley A
629,Okehampton Castle A,Okehampton Castle A
1928,Old Basing (Disabled) A,Old Basing (Disabled) A
414,Old Basing A,Old Basing A
1730,Old Basing Junior A,Old Basing Junior A
1136,Old Lyonian Sports Club,Old Lyonian Sports Club
2240,Old Oundle B Junior AC,Old Oundle B Junior AC
1870,Olde Colesdon A,Olde Colesdon A
1915,Olde Colesdon Junior AC,Olde Colesdon Junior AC
1812,One Nation AC,One Nation AC
2156,One Nation Junior AC,One Nation Junior AC
1470,Orion's A,Orion's A
111,Orkney A,Orkney A
1509,Osmington A,Osmington A
613,Osprey A,Osprey A
612,Osprey Junior A,Osprey Junior A
1253,Ouse Valley A,Ouse Valley A
1338,Ouse Valley Junior A,Ouse Valley Junior A
413,Overton Black Arrows,Overton Black Arrows
2357,Overton Black Arrows (D),Overton Black Arrows (Disabled)
1926,Overton Black Arrows Junior,Overton Black Arrows Junior
272,Oxford A,Oxford A
2135,Oxford A Juniors,Oxford A Juniors
268,Oxford Uni C of A,Oxford Uni C of A
2435,Oxfordshire Army CF AC,Oxfordshire Army Cadet Force AC
1319,Paddock Wood AC,Paddock Wood AC
650,Paignton A,Paignton A
1094,Paignton Junior AC,Paignton Junior AC
601,Palladwr B,Palladwr B
836,Panda B,Panda B
835,Panda Disabled AC,Panda Disabled AC
1608,Panda Junior AC,Panda Junior AC
2350,Paradox A,Paradox A
1508,Parkfield A,Parkfield A
1849,Parkfield Hotshots Junior,Parkfield Hotshots Junior
2339,Parklands Archery Academy,Parklands Archery Academy
2315,Parklands A A Disabled,Parklands Archery Academy Disabled Section
2440,Parklands Archery Academy,Parklands Archery Academy Juniors
1520,Pastures CoA,Pastures CoA
1612,Pastures Junior A,Pastures Junior A
1412,Pathfinder B,Pathfinder B
1748,Pemberton Maid Marions,Pemberton Maid Marions
54,Pembroke Company A,Pembroke Company A
1905,Pembroke C of A Juniors,Pembroke C of A Juniors
197,Penicuik A,Penicuik A
195,Penicuik Junior AC,Penicuik Junior AC
200,Pentland A,Pentland A
69,Pentref B,Pentref B
1408,Pentref Dragons,Pentref Dragons
2191,Pentref Venerables,Pentref Venerables
363,Pepperstock A,Pepperstock A
1697,Perriswood B,Perriswood B
2115,Perth AC,Perth AC
2198,Perth Archery Junior Club,Perth Archery Junior Club
392,Petersfield Junior,Petersfield Junior
2109,Phoenix A Essex,Phoenix A Essex
2110,Phoenix A Essex - Juniors,Phoenix A Essex - Juniors
1566,Phoenix A Glasgow,Phoenix A Glasgow
2185,Phoenix A Juniors - Leics,Phoenix A Juniors - Leicestershire
1995,Phoenix A Leicestershire,Phoenix A Leicestershire
845,Phoenix B,Phoenix B
1183,Phoenix B - Southport,Phoenix B - Southport
1685,Phoenix Junior A Glasgow,Phoenix Junior A Glasgow
2453,Phoenix Junior B,Phoenix Junior B
994,Pilgrim B ofBoston,Pilgrim B ofBoston
1912,Pilgrim B of Boston Junior,Pilgrim B ofBoston Junior
290,Pinner B,Pinner B
218,Plumpton B,Plumpton B
1763,Plumpton Junior B,Plumpton Junior B
1513,Plymouth A,Plymouth A
898,Ponteland A,Ponteland A
412,Portsdown AC,Portsdown AC
1671,Portsdown Junior A,Portsdown Junior A
1398,Preston Grasshoppers B,Preston Grasshoppers B
894,Priory A,Priory A
470,Priory B,Priory B
1711,Priory B Junior,Priory B Junior
535,Puriton Gold,Puriton Gold
1075,Puriton Gold Junior AC,Puriton Gold Junior AC
1590,Quantum A,Quantum A
1726,Quantum Juniors,Quantum Juniors
2477,Queen Anne AC,Queen Anne AC
2478,Queen Anne Junior AC (School),Queen Anne Junior AC (School)
2215,Queen Ethelburgas AC (School),Queen Ethelburgas AC (School)
2098,Queen Mary A (Uni),Queen Mary A (Uni)
1939,Queenborough A,Queenborough A
2361,Queenborough A (D),Queenborough A Disabled Section
2168,Queenborough Junior A,Queenborough Junior A
411,Quivers A. C. [S.A.D],Quivers A. C. [S.A.D]
2144,R J D A,R J D A
2290,R J D Junior A,R J D Junior A
1501,R.N. South Coast A,R.N. South Coast A
2146,R.N. South Coast Disabled A,R.N. South Coast Disabled A
1646,R.N. South Coast Junior A,R.N. South Coast Junior A
461,Racketts AC,Racketts AC
57,Radnor Foresters,Radnor Foresters
2002,RAF Coningsby A,RAF Coningsby A
2139,RAF Halton AC,RAF Halton AC
102,RAF Lossiemouth AC,RAF Lossiemouth AC
2362,RAF Waddington AC,RAF Waddington AC
2389,Ramsey Ravens AC,Ramsey Ravens AC
2414,Ramshaw School AC,Ramshaw School AC
1820,Raven A,Raven A
387,Raven Field A,Raven Field A
1779,Raydon Hall AC,Raydon Hall AC
2405,Rayleigh Town AC (D),Rayleigh Town AC (Disabilities Section)
469,Rayleigh Town AC,Rayleigh Town AC
1417,Rayleigh Town AC Juniors,Rayleigh Town AC Juniors
2482,Reach AC,Reach AC
521,Reading A,Reading A
2143,Red Dragon A,Red Dragon A
2196,Red Dragon Disabled A,Red Dragon Disabled A
2195,Red Dragon Junior A,Red Dragon Junior A
2005,Red Kite Field A,Red Kite Field A
2372,Redcar Junior AC,Redcar Junior AC
2335,Redcar Multi Sports Club,Redcar Multi Sports Club - Archery
693,Redditch CoA,Redditch CoA
682,Redditch Junior CoA,Redditch Junior CoA
2238,Redheath A,Redheath A
692,Redhill A,Redhill A
691,Redhill A Juniors,Redhill A Juniors
654,Redruth A,Redruth A
2452,Redruth Disabled A,Redruth Disabled A
628,Redruth Junior A,Redruth Junior A
253,Reigate Priory B,Reigate Priory B
1259,Restormel A,Restormel A
373,Rickmansworth AC,Rickmansworth AC
2116,River Oak AC,River Oak AC
1339,Rivernook B,Rivernook B
2355,Rivernook Junior A,Rivernook Junior A
890,Riverside AC,Riverside AC
871,Rochdale CoA,Rochdale CoA
1517,Rochdale Company of Junior A,Rochdale Company of Junior A
324,Romney Marsh B,Romney Marsh B
1248,Romsey A,Romsey A
2381,Royal Holloway Uni AC,Royal Holloway Uni AC
729,Royal Leamington Spa,Royal Leamington Spa
728,Royal Leamington Spa Juniors,Royal Leamington Spa Juniors
252,Royal Richmond AC,Royal Richmond AC
1969,RRAC Disabled,Royal Richmond Archery Disabled
1968,RRAC Junior,Royal Richmond Archery Junior
1227,Royston AC,Royston AC
707,Rugby B,Rugby B
1727,Rugby B Juniors,Rugby B Juniors
2006,Rugby Sport DA,Rugby Sport Disabled Association
288,Ruislip B,Ruislip B
978,Rushden Inclusive AC,Rushden Inclusive AC
1667,Rushgreen B,Rushgreen B
1752,S.R.S.B. Sheffield Blind A,S.R.S.B. Sheffield Blind A
1482,Saethwyr Pontyates,Saethwyr Pontyates
2229,Sagittarii,Sagittarii
2231,Sagittarii Disabled Section,Sagittarii Disabled Section
2230,Sagittarii Junior Section,Sagittarii Junior Section
1848,Saint Edmunds A,Saint Edmunds A
1909,Saint Edmunds A Juniors,Saint Edmunds A Juniors
2280,Saint Edmunds Disabled A,Saint Edmunds Disabled A
690,Saints & Sinners B,Saints & Sinners B
679,Saints & Sinners Youth,Saints & Sinners Youth
806,Savile B,Savile B
795,Savile B Junior AC,Savile B Junior AC
1789,Saxon A,Saxon A
2309,Saxon A Juniors,Saxon A Juniors
819,Scarborough A,Scarborough A
2359,Scarborough A Juniors,Scarborough A Juniors
817,Selby A,Selby A
2149,Selby A Disabled Section,Selby A Disabled Section
1057,Selby Junior AC,Selby Junior AC
948,Sellafield AC,Sellafield AC
2272,Sevenoaks AC,Sevenoaks AC
689,Severn A,Severn A
688,Severn Junior A,Severn Junior A
816,Sheffield Uni AC,Sheffield Uni AC
1328,Shenley & Loughton Junior Tox,Shenley & Loughton Junior Toxophilite
1200,Shenley & Loughton Toxophilite,Shenley & Loughton Toxophilite
964,Sherwood A,Sherwood A
958,Sherwood Junior A,Sherwood Junior A
121,Shetland AC,Shetland AC
2203,Shetland Junior AC,Shetland Junior AC
2254,Shipley B,Shipley B
2292,Shipley Junior B,Shipley Junior B
784,Shrewsbury B,Shrewsbury B
783,Shrewsbury B Junior,Shrewsbury B Junior
1845,Silver Arrow A,Silver Arrow A
993,Silver Spoon B,Silver Spoon B
2154,Silver Spoon Junior B,Silver Spoon Junior B
2246,Sittingbourne CC Disabled,Sittingbourne Community College (Disabled Section)
2245,Sittingbourne CC Seniors,Sittingbourne Community College (Senior Section)
1952,Sittingbourne CCA (School),Sittingbourne Community College A (School)
2374,Six Towns CoA,Six Towns CoA
2375,Six Towns CoA Juniors,Six Towns CoA Juniors
1310,Six Villages AC,Six Villages AC
1424,Six Villages Junior AC,Six Villages Junior AC
1945,Sleaford Maltsters,Sleaford Maltsters
1997,Sleaford Maltsters Juniors,Sleaford Maltsters Juniors
1836,Slough & Burnham A,Slough & Burnham A
1011,Soar Valley A,Soar Valley A
732,Solihull A,Solihull A
1582,South Bucks A,South Bucks A
1418,South Leeds A,South Leeds A
1523,South Leeds Junior A,South Leeds Junior A
760,South Moorlands AC,South Moorlands AC
752,South Moorlands Juniors,South Moorlands Juniors
271,South Oxon AC,South Oxon AC
537,South Wansdyke AC,South Wansdyke AC
1932,South Wansdyke Junior AC,South Wansdyke Junior AC
602,South Wilts AC,South Wilts AC
599,South Wilts Junior AC,South Wilts Junior AC
1626,Southampton AC Juniors,Southampton AC Juniors
1625,Southampton AC,Southampton AC
408,Southampton Uni AC,Southampton Uni AC
467,Southend & District AC,Southend & District AC
466,Southend Electricity AC,Southend Electricity AC
2400,Southfields Junior AC,Southfields Junior AC
67,Southgate AC,Southgate AC
864,Southport A,Southport A
285,Spelthorne AC,Spelthorne AC
1535,Spelthorne Junior A,Spelthorne Junior A
1251,Spen Valley B,Spen Valley B
1821,Spen Victoria A,Spen Victoria A
514,SportsAble,SportsAble
1627,SportsAble Able Bodied,SportsAble Able Bodied
1929,Sprowston Archery Society,Sprowston Archery Society
199,St Andrews Uni AC,St Andrews Uni AC
653,St Austell Bay A,St Austell Bay A
1467,St Austell Bay A Juniors,St Austell Bay A Juniors
68,St Davids B,St Davids B
815,St Georges AC,St Georges AC
1455,St Georges Junior AC,St Georges Junior AC
1764,St Giles A,St Giles A
870,St Helens A,St Helens A
1834,St Helens Juniors,St Helens Juniors
77,St Kingsmark B,St Kingsmark B
1578,St Kingsmark Juniors,St Kingsmark Juniors
436,St Neots B,St Neots B
1318,St Neots B Junior,St Neots B Junior
1911,St Peters Primary School,St Peters Primary School
1478,St Sebastian A,St Sebastian A
1611,St Sebastian Juniors,St Sebastian Juniors
759,Stafford A,Stafford A
758,Stafford Junior A,Stafford Junior A
926,Stalybridge AC,Stalybridge AC
1347,Stalybridge Junior Club,Stalybridge Junior Club
900,Stockton A,Stockton A
368,Stortford AC,Stortford AC
1170,Stortford Junior AC,Stortford Junior AC
687,Stourbridge CoA,Stourbridge CoA
686,Stourbridge Junior A,Stourbridge Junior A
1569,Stranraer Junior AC,Stranraer Junior AC
725,Stratford A,Stratford A
724,Stratford Junior A,Stratford Junior A
1791,Strathclyde Uni AC,Strathclyde Uni AC
2078,Sunninghill Prep Junior A,Sunninghill Prep Junior A (School)
618,Supermarine B,Supermarine B
594,Supermarine Juniors,Supermarine Juniors
248,Surrey B,Surrey B
1862,Surrey Junior B,Surrey Junior B
1775,Sutton B AC,Sutton B AC
723,Sutton Coldfield AC,Sutton Coldfield AC
722,Sutton Coldfield Junior,Sutton Coldfield Junior
333,Swan A,Swan A
397,Sway B,Sway B
396,Sway Junior B,Sway Junior B
1384,T.A.D.S.A.D.,T.A.D.S.A.D.
406,Talisman B,Talisman B
1931,Talisman Junior B,Talisman Junior B
979,Targetcraft A,Targetcraft A
1815,Targetcraft Junior A,Targetcraft Junior A
631,Tavistock CoA,Tavistock CoA
1186,Team Surrey Archery (Uni),Team Surrey Archery (Uni)
2395,Teesside Uni A,Teesside Uni A
782,Telford A,Telford A
781,Telford Junior A,Telford Junior A
1084,Ten Ring A,Ten Ring A
2129,Tenzone B,Tenzone B
2239,Tenzone Disabled B,Tenzone Disabled B
2233,Tenzone Junior B,Tenzone Junior B
330,Thanet AC,Thanet AC
174,The AS of Kilwinning A,The Ancient Society of Kilwinning A
788,The Audco A,The Audco A
787,The Audco A Junior,The Audco A Junior
2380,The B ofHedleywood,The B ofHedleywood
605,The B ofLytchett,The B ofLytchett
2406,The Burroughs Hill B,The Burroughs Hill B
1126,The Castle A,The Castle A
1593,The Castle A Juniors,The Castle A Juniors
827,The Company of Scorton A,The Company of Scorton A
1202,The Fort A,The Fort A
1005,The Foxes,The Foxes
374,The Green Dragon B,The Green Dragon B
371,The Hertford CoA,The Hertford CoA
210,The High Weald AC,The High Weald AC
1096,The Junior Foxes,The Junior Foxes
1837,The Junior Radnor Forester,The Junior Radnor Forester
658,The Kyrton A,The Kyrton A
2311,The London Junior A,The London Junior A
2343,The Longbow Club,The Longbow Club
305,The Newham A,The Newham A
2252,The Nomads AC,The Nomads AC
255,The Nonsuch B,The Nonsuch B
2549,The Peak A,The Peak A
471,The Pilgrim A,The Pilgrim A
1802,The Quivers - 2,The Quivers - 2
2,The Royal Toxophilite Society ,The Royal Toxophilite Society AC
1373,The Swansea Uni,The Swansea Uni
812,The Wakefield A,The Wakefield A
1141,Thirsk B,Thirsk B
2399,Thirsk B For All,Thirsk B For All
1201,Thirsk Junior B,Thirsk Junior B
2425,Thirteen Arrows AC,Thirteen Arrows AC
236,Thomas Wall A,Thomas Wall A
1353,Thomas Wall Junior A,Thomas Wall Junior A
1673,Thorpe Hamlet,Thorpe Hamlet
1496,Thorpe Hamlet Junior AC,Thorpe Hamlet Junior AC
2460,Threave B Disabled,Threave B Disabled
1615,Threave B Junior,Threave B Junior
1607,Threave B Senior,Threave B Senior
577,Tockington A,Tockington A
559,Tockington Junior AC,Tockington Junior AC
329,Tonbridge AC,Tonbridge AC
1814,Toot Hill Academy (School),Toot Hill Academy (School)
648,Torquay CoA,Torquay CoA
1577,Torquay Disabled AC,Torquay Disabled AC
647,Torquay Junior CoA,Torquay Junior CoA
2263,Totnes A,Totnes A
2232,Totnes A Juniors,Totnes A Juniors
1771,Trackside A,Trackside A
2134,Trackside Junior AC,Trackside Junior AC
1895,Treloar College AC,Treloar College AC
749,Trent Valley A,Trent Valley A
748,Trent Valley A Juniors,Trent Valley A Juniors
2344,Trowbridge AC,Trowbridge AC
2345,Trowbridge Junior AC,Trowbridge Junior AC
465,Tudor A,Tudor A
550,Tyndale A,Tyndale A
1809,Tynedale A,Tynedale A
2499,UCLan AC (Uni),UCLan AC (Uni)
2497,UEA Archery (Uni),UEA Archery (Uni)
2550,UEL AC (Uni),UEL AC (Uni)
739,Uni of Birmingham AC,Uni of Birmingham AC
2501,Uni of Brighton AC,Uni of Brighton AC
2373,Uni of Bristol AC,Uni of Bristol AC
1747,Uni of Derby AC,Uni of Derby AC
1869,Uni of Essex AC,Uni of Essex AC
1380,Uni of Exeter AC,Uni of Exeter AC
1865,Uni of Huddersfield AC,Uni of Huddersfield AC
2214,Uni of Kent,Uni of Kent
2498,Uni of Leicester AC,Uni of Leicester AC
2470,Uni of Lincoln A C,Uni of Lincoln A C
1457,Uni of London AC,Uni of London AC
1077,Uni of Plymouth,Uni of Plymouth
2289,Uni of Portsmouth AC,Uni of Portsmouth AC
1916,Uni of Reading Knights A,Uni of Reading Knights A
2364,Uni of Salford AC,Uni of Salford AC
2124,Uni of Sunderland Archery,Uni of Sunderland Archery
1324,Uni of Sussex,Uni of Sussex
2133,Uni of Ulster AC,Uni of Ulster AC
1225,Uni of Wales Bangor AC,Uni of Wales Bangor AC
717,Uni of Warwick,Uni of Warwick
1370,Uni of York AC,Uni of York AC
2385,Upside Down Sports Club (DIS),Upside Down Sports Club (DIS)
2465,Usk B,Usk B
703,V Ac,V Ac
2496,Valley B Disabled A,Valley B Disabled A
813,Valley B ofHuddersfield,Valley B ofHuddersfield
1070,Valley Juniors,Valley Juniors
1306,Velmead A,Velmead A
1109,Vickers Juniors,Vickers Juniors
949,Vickers Sport Club,Vickers Sport Club
2543,Victory Walsall A,Victory Walsall A
404,Ville B,Ville B
1419,W O A C Colts Juniors,W O A C Colts Juniors
1214,Wakefield Junior A,Wakefield Junior A
757,Walsall Company A,Walsall Company A
756,Walsall Company Junior A,Walsall Company Junior A
247,Warlingham AC,Warlingham AC
2427,Warrington Junior A,Warrington Junior A
924,Warrington Sports Club A,Warrington Sports Club A
721,Warwickshire A.S.,Warwickshire A.S.
2472,Wasps Disabled A C,Wasps Disabled A C
403,Waterside A,Waterside A
393,Waterside Junior AC,Waterside Junior AC
2161,Wear A,Wear A
962,Welbeck A,Welbeck A
961,Welbeck Junior A,Welbeck Junior A
1002,Welland Valley AC,Welland Valley AC
1000,Welland Valley Junior A,Welland Valley Junior A
983,Wellingborough Open AC,Wellingborough Open AC
1554,Wellington B,Wellington B
2248,Wellington Junior B,Wellington Junior B
2307,Wellow House School,Wellow House School
541,Wells City A,Wells City A
464,West Essex B,West Essex B
1976,West Essex Junior B,West Essex Junior B
543,West Somerset CoA,West Somerset CoA
1464,West Somerset C of A Juniors,West Somerset C of A Juniors
388,West Wight AC,West Wight AC
511,West Windsor A,West Windsor A
1172,West Windsor Junior A,West Windsor Junior A
495,Westcott A,Westcott A
1442,Westcott A Juniors,Westcott A Juniors
1999,Wetherby Junior A,Wetherby Junior A
275,Wherry A,Wherry A
1469,Whitburn A,Whitburn A
1675,Whitburn Junior A,Whitburn Junior A
811,Whitby CoA,Whitby CoA
922,Whitby Comprehensive AC,Whitby Comprehensive AC (School)
2434,Whitby FE AC,Whitby FE AC
1071,Whitby Junior A,Whitby Junior A
775,Whitchurch B,Whitchurch B
772,Whitchurch Junior B,Whitchurch Junior B
810,White Rose A,White Rose A
791,White Rose Junior A,White Rose Junior A
407,Whitehill A,Whitehill A
497,Whiteleaf B,Whiteleaf B
982,Wicken AC,Wicken AC
2182,Wicken AC (Juniors),Wicken AC (Juniors)
860,Wigan & Orrell A,Wigan & Orrell A
1463,Wigan & Orrell Junior A,Wigan & Orrell Junior A
402,Wight B AC,Wight B AC
971,Wilford B (Notts),Wilford B (Notts)
1519,Wilford Junior B,Wilford Junior B
1546,Winchester & District Sports A,Winchester & District Sports Association
401,Winchester AC,Winchester AC
2111,Winchester College AC (School),Winchester College AC (School)
1638,Winchester Junior A,Winchester Junior A
270,Windrush B,Windrush B
1693,Windrush Junior B,Windrush Junior B
513,Windsor Forest B,Windsor Forest B
1514,Winnington Junior B,Winnington Junior B
921,Winnington Park B,Winnington Park B
942,Wirral A,Wirral A
920,Wirral A Junior Club,Wirral A Junior Club
435,Wisbech Freestyle AC,Wisbech Freestyle AC
2410,Wisbech Grammar School AC,Wisbech Grammar School AC
2371,Witchford A,Witchford A
246,Woking AC,Woking AC
1831,Wolds A,Wolds A
2259,Wolds A Disabled,Wolds A Disabled
2258,Wolds A Juniors,Wolds A Juniors
1981,Wolf A,Wolf A
1998,Wolf A Juniors,Wolf A Juniors
755,Wolverhampton CoA,Wolverhampton CoA
754,Wolverhampton Junior C of A,Wolverhampton Junior C of A
463,Woodford A,Woodford A
1570,Worcester B,Worcester B
1619,Worcester Junior B,Worcester Junior B
2312,Wordsworth Court AC,Wordsworth Court AC
214,Worthing AC,Worthing AC
1670,Worthing Junior AC,Worthing Junior AC
92,Wrexham B,Wrexham B
2094,Wrexham B Junior,Wrexham B Junior
1718,Wyke A,Wyke A
1719,Wyke A Juniors,Wyke A Juniors
2296,Wymondham A,Wymondham A
2398,Wymondham Junior AC,Wymondham Junior AC
684,Wyre Forest CoA,Wyre Forest CoA
683,Wyre Forest Juniors,Wyre Forest Juniors
237,Yateley A,Yateley A
2288,Ye Cuckfield A,Ye Cuckfield A
649,Yelverton B,Yelverton B
548,Yeo B,Yeo B
2475,Yew Tree A,Yew Tree A
2552,Yew Tree Juniors,Yew Tree Juniors
1614,York A.S. Disabled Section,York A.S. Disabled Section
809,York A Society,York A Society
1066,York Junior A,York Junior A
1875,Young A of Angmering,Young A of Angmering
2287,Young Cuckfield A,Young Cuckfield A
C16,Notts AS,Notts Archery Society
C17,Northamptonshire AA,Northamptonshire Archery Association
C18,Linconshire AA,Lincolnshire Archery Assc
C19,Leics & Rutland A A,Leics & Rutland A A
C20,Derbyshire AA,Derbyshire Archery Assoc.
C21,Bedfordshire AA,Bedfordshire A A
C22,Berkshire A.A.,Berkshire A.A.
C23,Buckinghamshire A A,Buckinghamshire A A
C24,Cambridgeshire A A,Cambridgeshire A A
C25,Cheshire A A,Cheshire A A
C26,Cumbria County A A,Cumbria County A A
C27,Devon & Cornwall AS,Devon & Cornwall Arch Soc
C28,Dorset & Wiltshire AA,Dorset & Wiltshire A A
C29,Durham & Northumberland AA,Durham & Northumberland AA
C30,Dyfed A A,Dyfed A A
C31,Essex & Suffolk A A,Essex & Suffolk A A
C32,Glamorgan A A,Glamorgan A A
C33,Gloucester A S,Gloucester A S
C34,Gwent A A,Gwent A A
C35,Hampshire A A,Hampshire A A
C36,Hereford A A,Hereford A A
C37,SAA Eastern Area,SAA Eastern Area
C38,Hertfordshire A A,Hertfordshire A A
C39,Kent A A,Kent A A
C40,London A A,London A A
C41,Middlesex A A,Middlesex A A
C42,Norfolk A A,Norfolk A A
C43,Oxfordshire A A,Oxfordshire A A
C44,Powys AA,Powys Archery Association
C45,Shropshire A.S,Shropshire A.S
C46,Somerset A A,Somerset A A
C47,Staffordshire A A,Staffordshire A A
C48,Surrey A A,Surrey A A
C49,Sussex County A A,Sussex County A A
C50,Warwickshire A A,Warwickshire A A
C51,Worcestershire A A,Worcestershire A A
C52,Yorkshire A A,Yorkshire A A
C53,SAA Western Area,SAA Western Area
C54,SAA Northern Area,SAA Northern Area
C55,Lancashire A A,Lancashire A A
C59,Per Ardua,Per Ardua
C60,Northern Ireland,Northern Ireland
C61,North Wales AS,North Wales Archery Society
C62,Isle of Man AA,Isle of Man Archery Association
R4,GWAS,Grand Western A S
R5,WMAS,West Midlands Archery Society
R6,NCAS,Northern Counties A S
R7,EMAS,East Midlands A S
R8,SCAS,Southern Counties A S
R9,WAA,Welsh Archery Association
R10,NIAS,Northern Ireland A S
R11,Archery GB.,Archery GB.
R12,SAA,Scottish Archery Assoc
R14,Per,Per
